Name,Email,Phone no.,Address,gender
Brice Simonetti,bsimonetti0@studiopress.com,2606685738,Suite 63,Male
Simonette Laba,slaba1@flickr.com,9657746049,PO Box 38213,Female
Allen McKearnen,amckearnen2@lulu.com,6179950581,Suite 77,Male
Lura Franklin,lfranklin3@dion.ne.jp,1656918221,PO Box 87061,Female
Huntlee Ausello,hausello4@redcross.org,8825711556,Suite 12,Male
Pancho Stormont,pstormont5@alibaba.com,1949028280,7th Floor,Male
Janenna Smeal,jsmeal6@bing.com,6868768114,PO Box 91948,Female
Melessa Twyford,mtwyford7@ebay.co.uk,7698429320,Apt 551,Female
Kevina Cliss,kcliss8@cbsnews.com,7534251702,Apt 1856,Non-binary
Hertha Linbohm,hlinbohm9@oaic.gov.au,1839070924,Suite 41,Female
Layla Kleeborn,lkleeborna@tiny.cc,1546669883,Suite 46,Female
Kerianne Tschierasche,ktschierascheb@nba.com,1529118424,Apt 936,Female
Gilbert Morris,gmorrisc@ow.ly,5132850845,Apt 788,Male
Fritz Androletti,fandrolettid@redcross.org,4732054522,PO Box 83151,Male
Alphonso Lemerle,alemerlee@ed.gov,8951313689,8th Floor,Male
Wolfy Gravestone,wgravestonef@netvibes.com,1279912388,Apt 81,Male
Hurlee Foard,hfoardg@sitemeter.com,2121759701,Suite 62,Male
Sherie Braksper,sbraksperh@liveinternet.ru,7464683639,8th Floor,Female
Isidoro Cawson,icawsoni@salon.com,1861076538,PO Box 55808,Male
Tresa Grenshields,tgrenshieldsj@reverbnation.com,8336455842,2nd Floor,Genderfluid
Devonne Licquorish,dlicquorishk@ifeng.com,5341289374,Apt 940,Female
Kippie Felstead,kfelsteadl@marriott.com,5586943859,Apt 1405,Genderfluid
Antoni Fouracre,afouracrem@cbsnews.com,1244479044,Room 1738,Male
Elsy Shier,eshiern@blinklist.com,9723881164,17th Floor,Female
Benedikta Boar,bboaro@ucoz.com,2311435575,Apt 227,Female
Gerard Monroe,gmonroep@archive.org,6315310232,Room 1411,Male
Rosina Rapinett,rrapinettq@mapy.cz,1917378604,Apt 1756,Female
Jamil Tennison,jtennisonr@tinypic.com,9346895873,15th Floor,Male
Sarette O'Giany,sogianys@mapy.cz,6204579787,Room 1451,Female
Blakelee Kira,bkirat@tuttocitta.it,8494549662,Apt 1378,Polygender
Ardis Treves,atrevesu@sciencedaily.com,2987179373,PO Box 33651,Female
Reagan Bonnar,rbonnarv@hp.com,3508020630,Suite 7,Male
Beatrix Camosso,bcamossow@mysql.com,9801034897,8th Floor,Female
Sophronia Kowalski,skowalskix@yolasite.com,7158044575,PO Box 17240,Female
Jeanette Bunker,jbunkery@google.fr,8505245090,Room 231,Female
Olvan Nesfield,onesfieldz@webs.com,7084853882,8th Floor,Male
Drusi Curtois,dcurtois10@parallels.com,7542940095,6th Floor,Female
Francine Crickmer,fcrickmer11@mtv.com,4547909870,5th Floor,Female
Zorana O'Heaney,zoheaney12@nydailynews.com,4012761022,Room 262,Female
Carolus Quinnet,cquinnet13@flavors.me,7678661878,Apt 1021,Male
Hilario Hathaway,hhathaway14@google.es,2488420011,Suite 69,Male
Barry Solano,bsolano15@qq.com,7358618085,Apt 1417,Female
Vina Jost,vjost16@networksolutions.com,5945766805,13th Floor,Female
Karlene Heintzsch,kheintzsch17@imdb.com,8099012821,Room 659,Non-binary
Loren Bennell,lbennell18@ameblo.jp,8517642708,Apt 869,Male
Tadio Raffin,traffin19@over-blog.com,1944612521,PO Box 17306,Male
Shepperd Twycross,stwycross1a@cnbc.com,5968691847,PO Box 3952,Male
Kylen Duran,kduran1b@nyu.edu,4276575546,PO Box 75075,Female
Emilie Artz,eartz1c@intel.com,7172424188,Room 168,Female
Anjanette Shearme,ashearme1d@amazon.de,2778772186,Suite 87,Female
Aloysia Surguine,asurguine1e@adobe.com,2116256727,Room 1507,Female
Brocky Burless,bburless1f@fc2.com,9682217329,Suite 51,Male
Ervin Innerstone,einnerstone1g@etsy.com,4373797092,Apt 1875,Genderqueer
Cornall Loweth,cloweth1h@yelp.com,3002012123,Room 1025,Male
Pierre Casham,pcasham1i@dell.com,8337840567,Apt 1495,Male
Lyn Andrzejak,landrzejak1j@forbes.com,6728027249,PO Box 97731,Female
Balduin Windus,bwindus1k@un.org,8087721051,Apt 92,Non-binary
Alano Garrelts,agarrelts1l@amazon.co.jp,2993142216,Apt 168,Male
Royce Proughten,rproughten1m@cpanel.net,8825390781,19th Floor,Male
Ethe Harbard,eharbard1n@wp.com,3237432994,PO Box 77189,Male
Charles McCool,cmccool1o@dell.com,5379128734,10th Floor,Genderqueer
Tye Baudinot,tbaudinot1p@soundcloud.com,4882387836,17th Floor,Male
Sibelle Puxley,spuxley1q@angelfire.com,9157956219,Room 1759,Female
Adelina Esselin,aesselin1r@pcworld.com,7887887098,Suite 29,Female
Clemmie Sorby,csorby1s@nps.gov,9585671860,PO Box 62896,Male
Sherye Schust,sschust1t@jiathis.com,7924467661,PO Box 43098,Female
Verge McQuode,vmcquode1u@scientificamerican.com,9817344259,7th Floor,Male
Shayne Halle,shalle1v@t-online.de,4072596986,Apt 1464,Male
Yank Tort,ytort1w@hatena.ne.jp,8576629490,PO Box 27027,Male
Benedikt Olijve,bolijve1x@hhs.gov,9992911542,Apt 1462,Male
Ringo Mussard,rmussard1y@imdb.com,5288342040,Suite 37,Male
Ruddy Tullot,rtullot1z@google.es,3152106397,PO Box 72050,Male
Tonie Sarath,tsarath20@wsj.com,4078760293,5th Floor,Female
Julita Ledur,jledur21@wikipedia.org,9533372450,Apt 1826,Female
Bevon Stickels,bstickels22@stumbleupon.com,5816840705,20th Floor,Male
Rosa Adelman,radelman23@tripadvisor.com,9803258588,Apt 158,Female
Catlee Everall,ceverall24@odnoklassniki.ru,2591597415,Suite 14,Female
Elyse Stammer,estammer25@twitter.com,3584279396,Suite 18,Female
Kalie Kevern,kkevern26@nydailynews.com,7575663904,PO Box 3695,Female
Bernete Curado,bcurado27@yellowpages.com,7412087327,PO Box 84125,Female
Kelsey Manton,kmanton28@live.com,5888687904,Room 1555,Female
Angy Sumpton,asumpton29@rediff.com,7743932196,Apt 904,Female
Jory Stackbridge,jstackbridge2a@behance.net,6112315929,PO Box 68597,Male
Betty Wrought,bwrought2b@jiathis.com,5565930211,Apt 1681,Agender
Koral Flanagan,kflanagan2c@uol.com.br,1064417399,PO Box 6301,Female
Anatola Bossel,abossel2d@youtu.be,3796292996,PO Box 7892,Female
Zarla Harradence,zharradence2e@imgur.com,9128173218,Room 420,Female
Libby Jowle,ljowle2f@prweb.com,2059399063,PO Box 44839,Female
Lisa Pinder,lpinder2g@nationalgeographic.com,7392461309,PO Box 83778,Female
Rancell Davidove,rdavidove2h@free.fr,1191838185,PO Box 80049,Non-binary
Wesley Clint,wclint2i@reuters.com,1711110558,Room 505,Male
Wes Mandel,wmandel2j@reference.com,9479357821,Room 1411,Genderfluid
Elwin Meller,emeller2k@list-manage.com,5045660776,PO Box 95015,Male
Tommie Domotor,tdomotor2l@1688.com,9243936062,Apt 1056,Male
Jilli Bennison,jbennison2m@ycombinator.com,4567686982,1st Floor,Female
Jacklyn Izon,jizon2n@gizmodo.com,2161728419,Apt 1803,Female
Horst Dunnett,hdunnett2o@imageshack.us,8267769316,Room 1047,Male
Perri Searsby,psearsby2p@google.pl,3942639000,PO Box 1333,Female
Quinton Gillie,qgillie2q@reverbnation.com,5713713854,PO Box 25186,Male
Jermaine Dailly,jdailly2r@hugedomains.com,4413158206,9th Floor,Male
Lyn Fosken,lfosken2s@china.com.cn,3023979269,PO Box 30361,Female
Clevie Smaleman,csmaleman2t@123-reg.co.uk,3119696689,Suite 8,Male
Evey Holdren,eholdren2u@opensource.org,4375451413,PO Box 14499,Female
Irma Clampin,iclampin2v@rambler.ru,3618359670,Apt 70,Female
Serene Sutton,ssutton2w@sciencedaily.com,8974171682,PO Box 17987,Female
Lianne Yeldham,lyeldham2x@hhs.gov,6084295348,Room 184,Female
Englebert Percy,epercy2y@noaa.gov,2399663059,14th Floor,Agender
Jamesy Marcq,jmarcq2z@bbc.co.uk,6743646800,Room 1392,Male
Tessie McConnulty,tmcconnulty30@macromedia.com,9303888068,8th Floor,Bigender
Ingaborg Domm,idomm31@tinyurl.com,2435910263,Apt 239,Female
Sheilakathryn Ashfold,sashfold32@fc2.com,8206403134,Room 574,Female
Theda Edgett,tedgett33@hubpages.com,1339774016,Room 1970,Female
Tansy Bough,tbough34@simplemachines.org,6067527239,Suite 86,Female
Georgie Blackhurst,gblackhurst35@google.it,5021931018,Room 783,Genderqueer
Kristyn Scopes,kscopes36@businessweek.com,5359436586,Suite 58,Female
Alissa Partrick,apartrick37@patch.com,6409301707,Apt 1768,Female
Esra Lansberry,elansberry38@upenn.edu,3087065530,1st Floor,Male
Constantin Gerner,cgerner39@drupal.org,4797919525,Apt 1742,Male
Mona Cicetti,mcicetti3a@icq.com,4458299624,7th Floor,Bigender
Jeralee Readhead,jreadhead3b@squidoo.com,1604386702,PO Box 97408,Female
Talyah Strutley,tstrutley3c@51.la,7338742140,8th Floor,Female
Emelen Vautin,evautin3d@drupal.org,1348687794,Room 530,Male
Riva Belloch,rbelloch3e@wikipedia.org,2021186129,Apt 1381,Female
Leupold Lemary,llemary3f@bloglovin.com,8202077396,5th Floor,Male
Justino Cudbertson,jcudbertson3g@friendfeed.com,5244393460,PO Box 13849,Male
Leonhard Pocke,lpocke3h@jimdo.com,7723822844,PO Box 66433,Male
Jocko Bridgman,jbridgman3i@sbwire.com,4724234099,Apt 80,Bigender
Rita Leethem,rleethem3j@live.com,9395126101,15th Floor,Female
Elvira Cooke,ecooke3k@businesswire.com,9256588904,Suite 88,Female
Gianni Whitehair,gwhitehair3l@economist.com,6673565182,Suite 7,Male
Nydia MacKniely,nmackniely3m@sakura.ne.jp,3169478141,Apt 225,Female
Tommy Van Hove,tvan3n@usatoday.com,1664512463,PO Box 9482,Non-binary
Evan Elgee,eelgee3o@state.gov,3974768862,18th Floor,Male
Kattie Clery,kclery3p@sbwire.com,1162186796,PO Box 23272,Female
Auria Grimme,agrimme3q@answers.com,3355795264,Apt 1715,Female
Carmella McIlheran,cmcilheran3r@comsenz.com,2258365077,PO Box 67706,Female
Holly-anne Salleir,hsalleir3s@e-recht24.de,3332263715,PO Box 4314,Female
Gene Caird,gcaird3t@shinystat.com,8983871528,Suite 46,Genderfluid
Selina Denslow,sdenslow3u@mlb.com,9256822747,12th Floor,Female
Broderick Slaight,bslaight3v@example.com,4443549670,Room 1053,Male
Leilah Simms,lsimms3w@ezinearticles.com,5571894664,Apt 638,Female
Emilia Shrimpling,eshrimpling3x@bandcamp.com,4646467484,Room 250,Female
Liza Grundle,lgrundle3y@bbc.co.uk,4173740686,Room 453,Female
Lowe Kennler,lkennler3z@friendfeed.com,2367730432,Apt 1590,Male
Chrystel Lawther,clawther40@tiny.cc,5378708998,Suite 61,Female
Abner Kellogg,akellogg41@ustream.tv,3908038598,Suite 18,Male
Terri Ocheltree,tocheltree42@cisco.com,2491769192,Room 1761,Male
Clarke Croal,ccroal43@php.net,1752098179,PO Box 93209,Male
Reg Barbour,rbarbour44@virginia.edu,8037450165,16th Floor,Male
Emalia Cabel,ecabel45@alibaba.com,4572763897,Suite 23,Female
Dedra Marczyk,dmarczyk46@globo.com,4152097918,PO Box 84322,Female
Spence Matissoff,smatissoff47@livejournal.com,5261690773,Suite 44,Male
Lyda Fassbindler,lfassbindler48@simplemachines.org,4858542599,Suite 25,Female
Winni Lafford,wlafford49@thetimes.co.uk,3923234577,8th Floor,Female
Berti Kwietak,bkwietak4a@eventbrite.com,3936594811,Apt 1078,Female
Moina Hodgins,mhodgins4b@godaddy.com,2796857701,PO Box 42150,Female
Jude Ruggen,jruggen4c@princeton.edu,2834085366,Room 194,Male
Jillane Balmadier,jbalmadier4d@un.org,6825535027,5th Floor,Female
Morgen Sabathe,msabathe4e@mozilla.org,1299126369,5th Floor,Male
Erik Pawelski,epawelski4f@house.gov,1693229474,Room 203,Male
Rodi Garrold,rgarrold4g@miitbeian.gov.cn,6126267430,Apt 504,Genderqueer
Giacobo de la Valette Parisot,gde4h@nps.gov,8794229914,7th Floor,Male
Joyce Mowling,jmowling4i@senate.gov,8562739104,Suite 78,Female
Nanice Karolyi,nkarolyi4j@stanford.edu,8086571856,4th Floor,Female
Enoch Arnaldy,earnaldy4k@princeton.edu,8067460121,Suite 71,Male
Orland Ridgeway,oridgeway4l@toplist.cz,8921429350,Suite 86,Male
Reinhold Swabey,rswabey4m@npr.org,3554923692,Apt 1068,Male
Milli Dally,mdally4n@histats.com,9356525267,Room 1398,Female
Brock Faires,bfaires4o@google.ca,6672282748,19th Floor,Male
Tedi Mullenger,tmullenger4p@techcrunch.com,3728636530,Apt 1270,Female
Tessy O'Sharkey,tosharkey4q@sohu.com,6882999137,PO Box 73948,Female
Dennis Muck,dmuck4r@canalblog.com,1023553087,Room 1853,Polygender
Rowland Casin,rcasin4s@newsvine.com,3812932983,4th Floor,Male
Tom MacEntee,tmacentee4t@apple.com,6767403220,Room 606,Male
Thea Comiskey,tcomiskey4u@usa.gov,3789372111,PO Box 42764,Female
Solly Ciani,sciani4v@arstechnica.com,5088319853,Apt 790,Male
Vivianne Gillean,vgillean4w@etsy.com,5941389883,Apt 1315,Female
Helsa Mapes,hmapes4x@ca.gov,3613168734,PO Box 89763,Female
Lionello Ashbe,lashbe4y@ovh.net,5849989566,Room 1439,Male
Edeline Davie,edavie4z@hc360.com,4915835713,Apt 976,Bigender
Jackelyn Power,jpower50@blinklist.com,6311475984,Room 710,Female
Aldric Shapira,ashapira51@google.pl,5959020858,Apt 1813,Male
Merralee Heimann,mheimann52@nih.gov,5539682548,Suite 78,Female
Randie Gjerde,rgjerde53@scientificamerican.com,3982241874,Suite 78,Female
Cos Bienvenu,cbienvenu54@fotki.com,2552705996,Suite 74,Male
Valerie Elsop,velsop55@deviantart.com,7592048250,Apt 1488,Female
Frayda Small,fsmall56@oaic.gov.au,6818854311,Suite 88,Female
Templeton Sherreard,tsherreard57@flickr.com,9481746733,PO Box 88509,Male
Michal Grzelak,mgrzelak58@facebook.com,1439717048,Apt 671,Male
Edie Altree,ealtree59@tinyurl.com,4155792088,10th Floor,Bigender
Paxon Scraggs,pscraggs5a@wired.com,6664345953,PO Box 28790,Male
Ike Ghidoli,ighidoli5b@naver.com,4784571101,Apt 753,Male
Tallulah Reboulet,treboulet5c@issuu.com,6746691988,Apt 1971,Female
Violetta Iacobetto,viacobetto5d@lulu.com,6696197401,Room 1402,Non-binary
Vinita Zolini,vzolini5e@trellian.com,6346098752,Room 325,Female
Dana Jansie,djansie5f@skype.com,9024883521,Apt 604,Female
Eldon Remer,eremer5g@bloglovin.com,3212718364,Suite 9,Genderqueer
Thedrick McCullock,tmccullock5h@jiathis.com,6427760131,Suite 66,Male
Sebastiano Garling,sgarling5i@godaddy.com,1548711504,20th Floor,Male
Osborne Umney,oumney5j@geocities.jp,2289475592,Apt 1141,Male
Hymie Lawton,hlawton5k@github.com,3793580479,12th Floor,Male
Siouxie Billson,sbillson5l@cnn.com,7895296951,PO Box 65090,Female
Sarene Olifaunt,solifaunt5m@tamu.edu,6909559905,Room 419,Female
Frieda Petruk,fpetruk5n@yahoo.co.jp,2839014704,19th Floor,Female
Marcie Glasard,mglasard5o@virginia.edu,8775183875,PO Box 38679,Female
Kale Dudin,kdudin5p@blogger.com,9523741839,PO Box 95157,Polygender
Jamaal Croney,jcroney5q@gmpg.org,1305702837,Apt 252,Male
Tait Standing,tstanding5r@privacy.gov.au,6437832858,Room 194,Male
Felike Lythgoe,flythgoe5s@godaddy.com,2104168232,Room 1486,Male
Masha Braga,mbraga5t@si.edu,7008627873,PO Box 3455,Female
Ammamaria Frosdick,afrosdick5u@imageshack.us,6161593332,Suite 64,Female
Emmalynn Byres,ebyres5v@zimbio.com,8769968663,Room 1933,Female
Aleta Colmer,acolmer5w@so-net.ne.jp,9119333462,Apt 1004,Female
Missy Guilleton,mguilleton5x@noaa.gov,6578583002,Room 141,Non-binary
Harmonie Neary,hneary5y@ucoz.com,2286013801,3rd Floor,Female
Sara Shoreson,sshoreson5z@diigo.com,4353911535,14th Floor,Female
Patric Wigfield,pwigfield60@dion.ne.jp,3795873746,11th Floor,Male
Allistir Brignall,abrignall61@51.la,2464938550,Suite 48,Male
Tybalt Cowl,tcowl62@vimeo.com,7922013040,Apt 1156,Male
Fran Simmons,fsimmons63@cpanel.net,4785389967,Suite 69,Male
Amory Cabena,acabena64@intel.com,3872590401,Apt 828,Male
Ned Abyss,nabyss65@hibu.com,1423032674,14th Floor,Male
Esta Extance,eextance66@ucoz.ru,2193142278,Apt 801,Female
Malory Rumens,mrumens67@mozilla.com,4429719919,Apt 1999,Female
Flore Newcomen,fnewcomen68@people.com.cn,4182535064,Room 1300,Female
Weston Feldberg,wfeldberg69@dell.com,1912312308,PO Box 83647,Male
Kaitlin Lodemann,klodemann6a@mtv.com,8681730020,Apt 910,Female
Fidelia Dundredge,fdundredge6b@google.com.br,9154052704,Apt 1503,Female
Reeva Lepope,rlepope6c@europa.eu,8444370994,PO Box 98354,Female
Reinold Canedo,rcanedo6d@amazon.co.uk,8962148908,5th Floor,Male
Darya Nurden,dnurden6e@vistaprint.com,6855894727,Suite 33,Female
Lief Lerwill,llerwill6f@newyorker.com,5605638477,16th Floor,Male
Donny Straughan,dstraughan6g@springer.com,9687043207,Room 1553,Female
Babara Watkiss,bwatkiss6h@yahoo.com,3054531126,Apt 674,Female
Logan Brok,lbrok6i@noaa.gov,7636264820,Suite 20,Male
Paten Millyard,pmillyard6j@acquirethisname.com,5614278433,Suite 72,Male
Ermengarde Towson,etowson6k@issuu.com,8834326337,Suite 2,Female
Zebulen Spinks,zspinks6l@discuz.net,3386681694,8th Floor,Male
Alleen Mollen,amollen6m@amazon.co.uk,3375344503,4th Floor,Female
Frasquito Measures,fmeasures6n@oakley.com,5869259902,6th Floor,Male
Cara Penlington,cpenlington6o@wordpress.org,6858520332,PO Box 48335,Female
Ramon Ruppeli,rruppeli6p@storify.com,5053304715,PO Box 1860,Male
Leticia Duchesne,lduchesne6q@webeden.co.uk,2096892079,PO Box 75304,Female
Alyce Killeen,akilleen6r@wordpress.com,9377321414,Room 15,Female
Nyssa Gallaway,ngallaway6s@prweb.com,9615821449,PO Box 64465,Female
Janelle Crilly,jcrilly6t@tripadvisor.com,9432378641,Suite 33,Non-binary
Dud Banbridge,dbanbridge6u@sphinn.com,6817580370,16th Floor,Male
Nikki McGavigan,nmcgavigan6v@sciencedaily.com,9124147698,Suite 93,Male
Linoel Hampton,lhampton6w@toplist.cz,2826349254,PO Box 88608,Male
Thacher Franchioni,tfranchioni6x@mediafire.com,6164250883,Room 446,Male
Briggs Marriage,bmarriage6y@infoseek.co.jp,8969897794,17th Floor,Male
Prent McCloughen,pmccloughen6z@myspace.com,5977698888,PO Box 42118,Male
Fabiano Haggas,fhaggas70@g.co,8574611599,Apt 1595,Male
Lynnelle Stote,lstote71@aol.com,6813137242,4th Floor,Female
Rene Lenz,rlenz72@imgur.com,7164878010,PO Box 38325,Male
Tilly Whiteland,twhiteland73@plala.or.jp,7652865496,Room 558,Female
Adore Dilley,adilley74@google.fr,5011038449,Room 1055,Agender
Elizabeth Mealham,emealham75@unc.edu,2465025616,Room 1770,Polygender
Sergei Whale,swhale76@symantec.com,8226971820,PO Box 71925,Male
Annmarie Cridland,acridland77@nifty.com,9875008725,Suite 40,Female
Shawn Kempshall,skempshall78@mac.com,1314372224,Apt 89,Female
Tommy Raspison,traspison79@sourceforge.net,9369991113,Suite 8,Male
Janie Margarson,jmargarson7a@over-blog.com,2354652271,Suite 53,Female
Gabbie Hugonin,ghugonin7b@eventbrite.com,2995087148,Room 269,Female
Lutero Colgan,lcolgan7c@acquirethisname.com,7504163508,Apt 1865,Male
Isiahi Tottle,itottle7d@engadget.com,4825334618,2nd Floor,Male
Sal Jorry,sjorry7e@github.io,3588761257,Room 1505,Male
Jacquelynn Chastel,jchastel7f@cisco.com,7606133022,PO Box 81761,Female
Renelle Dunkerly,rdunkerly7g@altervista.org,9174657565,Room 1731,Female
Gery Vasishchev,gvasishchev7h@xinhuanet.com,6063382967,12th Floor,Male
Jarid Archbold,jarchbold7i@woothemes.com,8437147014,1st Floor,Male
Kayne Loyndon,kloyndon7j@yahoo.com,1928747043,PO Box 8201,Male
Tobye Rannells,trannells7k@google.ru,2072055059,Suite 86,Female
Carline Plumer,cplumer7l@opera.com,3751309189,Room 1909,Female
Aline Bronger,abronger7m@deliciousdays.com,5407564828,PO Box 47581,Female
Brana Tutchell,btutchell7n@privacy.gov.au,9535484588,Apt 375,Female
Gib Mounce,gmounce7o@ed.gov,7447164621,PO Box 39393,Male
Toby Stempe,tstempe7p@multiply.com,1671515075,Suite 61,Male
Gabie Ryall,gryall7q@over-blog.com,1179370791,PO Box 37444,Male
Windham Evason,wevason7r@cdc.gov,2028501851,Suite 22,Male
Seward O'Cannon,socannon7s@lycos.com,5537824707,Suite 61,Male
Richmond Pentlow,rpentlow7t@mayoclinic.com,5115344441,PO Box 99489,Bigender
Haven Wastie,hwastie7u@mozilla.org,4941362653,Room 1931,Male
Tiena Dyshart,tdyshart7v@printfriendly.com,4006819699,Suite 62,Female
Poppy Gadson,pgadson7w@umich.edu,5009252812,Apt 1624,Female
Kleon Riley,kriley7x@elegantthemes.com,5445884398,PO Box 44830,Male
Lise Drinkhall,ldrinkhall7y@ehow.com,5364202963,19th Floor,Female
Gussy Olivas,golivas7z@sogou.com,8763950603,Suite 35,Bigender
Yasmin Rudman,yrudman80@stumbleupon.com,4644757088,Room 1931,Female
Jerrold O'Dempsey,jodempsey81@nasa.gov,7856524476,Room 1480,Male
Ragnar Eslie,reslie82@liveinternet.ru,6164886585,Suite 90,Male
Monika Wilcock,mwilcock83@blog.com,9334832312,PO Box 82240,Female
Russ Townrow,rtownrow84@opera.com,6074791235,2nd Floor,Male
Arny McKaile,amckaile85@census.gov,1473053746,Suite 44,Male
Fabien Langelaan,flangelaan86@ca.gov,8947627942,15th Floor,Male
Noble Prandy,nprandy87@cafepress.com,3265940869,PO Box 9676,Male
Judas Tokley,jtokley88@redcross.org,9431528923,Apt 269,Male
Jeri Munks,jmunks89@typepad.com,4148334905,5th Floor,Female
Thomasin Hassey,thassey8a@archive.org,6212534486,Apt 390,Female
Gherardo Tucker,gtucker8b@businessweek.com,3368064097,Suite 70,Male
Porty Vanichkov,pvanichkov8c@arstechnica.com,7602958972,Suite 14,Male
Berni Penbarthy,bpenbarthy8d@npr.org,3481695916,Suite 41,Female
Virgie Beardshall,vbeardshall8e@acquirethisname.com,3404472065,Apt 16,Female
Karlis De Leek,kde8f@cloudflare.com,4958825856,PO Box 66507,Male
Albrecht Authers,aauthers8g@biglobe.ne.jp,2128873877,Room 1639,Male
Orsa Ruddy,oruddy8h@creativecommons.org,9894174846,PO Box 4794,Female
Dena Harflete,dharflete8i@ow.ly,3224016649,Apt 1128,Polygender
Berkly Leaburn,bleaburn8j@ca.gov,6864108186,PO Box 58973,Male
Emlynne Paszak,epaszak8k@unc.edu,3335197165,Room 1564,Female
Roana Guiso,rguiso8l@ucoz.ru,6206499520,Apt 830,Female
Calla Belly,cbelly8m@cbsnews.com,3252195275,Room 1565,Female
Jdavie Bridywater,jbridywater8n@sohu.com,7383258432,Apt 1760,Male
Beitris Rogans,brogans8o@wikipedia.org,6384998010,PO Box 78981,Female
Shara Lonsdale,slonsdale8p@google.de,9718654785,Suite 79,Polygender
Velma Goulter,vgoulter8q@slashdot.org,1798731491,Suite 76,Female
Padriac Polamontayne,ppolamontayne8r@homestead.com,9359736256,Apt 1652,Male
Sid Cherryman,scherryman8s@cbslocal.com,6981143542,Room 793,Male
Aretha Hansman,ahansman8t@themeforest.net,9234796313,PO Box 26017,Female
Jamesy Shakespeare,jshakespeare8u@liveinternet.ru,1192902331,PO Box 57321,Male
Gordon Cundy,gcundy8v@wix.com,4692602268,1st Floor,Male
Kit Dahmke,kdahmke8w@theatlantic.com,1787990257,Suite 37,Male
Samaria Steedman,ssteedman8x@ucsd.edu,3493931724,2nd Floor,Female
Tybi Worling,tworling8y@sfgate.com,3818834571,Apt 1710,Female
Arny Spridgen,aspridgen8z@nasa.gov,6756028441,14th Floor,Non-binary
Kiley Simons,ksimons90@liveinternet.ru,8359226824,Room 2000,Male
Alexa Coggill,acoggill91@nba.com,1257750074,Apt 1586,Female
Isacco McCowan,imccowan92@photobucket.com,1117798086,8th Floor,Male
Brand Pattillo,bpattillo93@bluehost.com,9012057559,PO Box 60238,Male
Humfried Truscott,htruscott94@topsy.com,9142861404,12th Floor,Male
Shandie Speechly,sspeechly95@hp.com,1146595416,9th Floor,Female
Diena Bransden,dbransden96@wordpress.org,6591570493,Room 1790,Female
Adaline Partrick,apartrick97@hexun.com,3874679825,Room 37,Female
Enid Hallawell,ehallawell98@chicagotribune.com,8531540726,Apt 1490,Female
Darren Alden,dalden99@wikimedia.org,1705988927,Room 913,Male
Corine Beeze,cbeeze9a@free.fr,1595302894,PO Box 70134,Female
Rhona Chalfant,rchalfant9b@google.com,8297636619,Room 924,Female
Jessamyn Theodoris,jtheodoris9c@macromedia.com,5606848816,Room 1226,Genderfluid
Hugibert Di Bartolommeo,hdi9d@odnoklassniki.ru,6996751811,Apt 481,Male
Lindsay Casbolt,lcasbolt9e@indiegogo.com,8396547182,Apt 1606,Female
Mag Busk,mbusk9f@sphinn.com,1778268446,19th Floor,Female
Baron Sandever,bsandever9g@t-online.de,5626391315,Apt 281,Agender
Von Hillburn,vhillburn9h@theatlantic.com,2625895509,Suite 75,Male
Dacey Platts,dplatts9i@cbslocal.com,5457227667,PO Box 46816,Female
Chrissy Sadd,csadd9j@jalbum.net,9514099841,PO Box 91907,Male
Babb Janca,bjanca9k@sciencedirect.com,5723545740,Room 1764,Female
Arnold Talby,atalby9l@omniture.com,6843871722,Apt 414,Male
Joice Throughton,jthroughton9m@wordpress.com,6887015303,13th Floor,Female
Loy Messent,lmessent9n@webs.com,6244466493,Room 1665,Male
Parsifal Tabrett,ptabrett9o@google.com.hk,6359162953,16th Floor,Male
Berton Wellum,bwellum9p@marketwatch.com,3502462349,2nd Floor,Agender
Ezechiel Manuelli,emanuelli9q@jiathis.com,3704440225,2nd Floor,Male
Ellery Gonzales,egonzales9r@craigslist.org,5729118731,Room 214,Male
Marleen Cassley,mcassley9s@youtube.com,4335802924,PO Box 4123,Female
Michal Leinthall,mleinthall9t@usnews.com,6487849229,19th Floor,Male
Olav Dyne,odyne9u@bloglines.com,4419312473,Suite 43,Male
Tammie Renvoys,trenvoys9v@examiner.com,2777039098,Room 1528,Female
Mic Wragge,mwragge9w@kickstarter.com,7628119489,Room 1524,Male
Morty Mitkcov,mmitkcov9x@unblog.fr,1278476494,11th Floor,Male
Lilllie MacDowall,lmacdowall9y@163.com,2782940348,Room 446,Female
Padgett Cheeld,pcheeld9z@plala.or.jp,7575195712,Suite 57,Male
Jase Bouts,jboutsa0@hugedomains.com,2054730770,PO Box 17298,Male
Carolina Freemantle,cfreemantlea1@abc.net.au,2067451878,Suite 72,Female
Imogene Petkovic,ipetkovica2@wired.com,1169834089,PO Box 50971,Female
Elianora Lawman,elawmana3@huffingtonpost.com,8971263287,Suite 19,Bigender
Elisabetta Deighan,edeighana4@mysql.com,5219848285,PO Box 47592,Female
Saw Deller,sdellera5@infoseek.co.jp,8486976957,Apt 37,Male
Odell Rigney,origneya6@macromedia.com,1323533444,9th Floor,Male
Garth MacMakin,gmacmakina7@php.net,8125909713,PO Box 59475,Male
Burr Aspinwall,baspinwalla8@mlb.com,5866171376,Apt 384,Male
Guillermo Daelman,gdaelmana9@t.co,5828524788,Suite 61,Male
Lodovico Somerlie,lsomerlieaa@naver.com,3442923932,Apt 1633,Male
Georgina Latch,glatchab@chron.com,5908019540,Suite 72,Female
Aldridge Clayden,aclaydenac@technorati.com,4771313731,Room 336,Male
Merci Gruczka,mgruczkaad@photobucket.com,7841196026,PO Box 38318,Female
Cassie Jouandet,cjouandetae@si.edu,7589082051,Suite 12,Male
Goldarina Schankel,gschankelaf@washington.edu,8971322797,Suite 15,Female
Ruprecht Whistan,rwhistanag@globo.com,4537171457,Room 976,Male
Sarita Gall,sgallah@dot.gov,8482166965,7th Floor,Female
Karine Harhoff,kharhoffai@blogtalkradio.com,1321963004,Apt 665,Female
Roshelle Brigshaw,rbrigshawaj@nsw.gov.au,5786315977,Room 1112,Female
Jason Ruppelin,jruppelinak@archive.org,1016446588,Apt 624,Male
Clarence Munday,cmundayal@360.cn,1079293868,Room 813,Male
Kikelia Arnoll,karnollam@1und1.de,9194912467,2nd Floor,Female
Sherilyn Gwilliam,sgwilliaman@csmonitor.com,4376527278,Suite 18,Female
Afton Beedie,abeedieao@unblog.fr,1779828743,Apt 606,Female
Iona Hinsche,ihinscheap@eventbrite.com,9154991945,Room 1342,Agender
Hyacinthia MacLennan,hmaclennanaq@ow.ly,3392280396,Suite 68,Female
Orelle Van Bruggen,ovanar@skype.com,9389492600,Suite 87,Female
Melba Tullis,mtullisas@shop-pro.jp,8341879878,Suite 10,Female
Persis Marc,pmarcat@umich.edu,7299041201,5th Floor,Female
Chrissy Tureville,cturevilleau@aboutads.info,5784917108,Room 14,Female
Matias Warnock,mwarnockav@youku.com,1921173852,7th Floor,Male
Ambrosio Kyncl,akynclaw@epa.gov,3732856170,4th Floor,Male
Rafaello Rigbye,rrigbyeax@dmoz.org,6965459376,11th Floor,Male
Carr Persian,cpersianay@purevolume.com,8129738936,Apt 459,Male
Meggi Wyeld,mwyeldaz@ebay.com,6223898510,PO Box 45522,Female
Elihu Osmant,eosmantb0@domainmarket.com,3261158693,Room 1814,Male
Adolphe Clemmey,aclemmeyb1@boston.com,9582484542,Apt 80,Male
Cchaddie Girardeau,cgirardeaub2@msu.edu,6056814404,Suite 8,Male
Matthaeus Sudell,msudellb3@networksolutions.com,2985777921,12th Floor,Male
Lynette Fattorini,lfattorinib4@blogger.com,9136483124,Suite 65,Female
Trip Arndt,tarndtb5@theglobeandmail.com,4905613070,PO Box 35929,Polygender
Shannen Dzenisenka,sdzenisenkab6@tinypic.com,4054860057,Suite 40,Genderfluid
Brittne Ramsden,bramsdenb7@devhub.com,1828550310,Room 950,Female
Jordain Pollock,jpollockb8@joomla.org,6701738173,17th Floor,Female
Carmel Gribbell,cgribbellb9@furl.net,3607237849,Suite 12,Female
Vinson Starsmeare,vstarsmeareba@ebay.co.uk,7348845157,Apt 515,Male
Angeli Holdin,aholdinbb@auda.org.au,9685610392,Suite 51,Male
Mabel Woolf,mwoolfbc@cpanel.net,5077153250,16th Floor,Female
Oren Laise,olaisebd@google.com.au,4862050396,Room 1235,Genderqueer
Julianna Semiraz,jsemirazbe@gnu.org,1898246635,Room 314,Genderfluid
Laureen Stapleford,lstaplefordbf@e-recht24.de,5635901953,Suite 85,Female
Omero Cattermole,ocattermolebg@storify.com,1996074149,Apt 1492,Male
Cheslie O'Halligan,cohalliganbh@blogspot.com,3108631814,Suite 73,Female
Catriona Galsworthy,cgalsworthybi@hhs.gov,4086646919,15th Floor,Genderqueer
Ursala Lancashire,ulancashirebj@exblog.jp,4653728605,Apt 575,Female
Susi Guerre,sguerrebk@nifty.com,5374102563,Room 337,Female
Sadye Hucknall,shucknallbl@nature.com,8754193220,6th Floor,Female
Elke Blount,eblountbm@tmall.com,5408379238,7th Floor,Female
Enrico Chellam,echellambn@istockphoto.com,9032237610,Apt 435,Male
Kacy Tomasoni,ktomasonibo@java.com,3672803388,2nd Floor,Female
Sianna Lipscomb,slipscombbp@ebay.com,4012586911,Suite 50,Female
Marketa Cutmere,mcutmerebq@51.la,5597458655,18th Floor,Female
Hubey Brandenburg,hbrandenburgbr@nih.gov,5794499272,5th Floor,Male
Kiel Tuplin,ktuplinbs@phpbb.com,2673373545,Room 1313,Male
Adore Beckett,abeckettbt@google.es,9474134071,PO Box 20064,Female
Anthiathia Romain,aromainbu@123-reg.co.uk,6896823223,8th Floor,Female
Titus Clegg,tcleggbv@w3.org,5207018461,Suite 7,Agender
Maynard Rutledge,mrutledgebw@un.org,9481564858,PO Box 52465,Male
Skye Sargeaunt,ssargeauntbx@scientificamerican.com,8198309708,17th Floor,Male
Gretta Johansen,gjohansenby@infoseek.co.jp,9318760823,PO Box 3299,Female
Claude Poundsford,cpoundsfordbz@nbcnews.com,6442234072,Suite 99,Genderfluid
Bennie McGiven,bmcgivenc0@clickbank.net,8566548837,PO Box 21268,Male
Osborne Rushmere,orushmerec1@va.gov,5331240491,Room 536,Male
Caitlin Woodrooffe,cwoodrooffec2@un.org,1436860345,Suite 64,Female
Adan Wallman,awallmanc3@tumblr.com,4338526404,Room 739,Female
Michail Brind,mbrindc4@liveinternet.ru,3705902854,16th Floor,Male
Berkie Grogono,bgrogonoc5@answers.com,4084650998,Suite 51,Male
Aveline Handyside,ahandysidec6@cargocollective.com,6017159961,18th Floor,Female
Rica Duthie,rduthiec7@elpais.com,8815123380,Apt 1036,Female
Vanda Cowdery,vcowderyc8@smh.com.au,1903403001,PO Box 2243,Female
Job Cruft,jcruftc9@list-manage.com,2732186580,PO Box 64428,Male
Jill Atley,jatleyca@dailymotion.com,9869933339,Apt 1446,Genderfluid
Kikelia Casbolt,kcasboltcb@yellowbook.com,5166178451,7th Floor,Polygender
Madge Chaise,mchaisecc@vinaora.com,3759561296,Apt 1450,Agender
Rivi Marcos,rmarcoscd@wordpress.org,4711109046,3rd Floor,Female
Heinrik Barrar,hbarrarce@discuz.net,1854837375,Room 1327,Agender
Maggie Hiley,mhileycf@state.tx.us,3706776247,14th Floor,Female
Whitney Murt,wmurtcg@howstuffworks.com,2028817973,Apt 1712,Female
Shep Egglestone,segglestonech@ow.ly,6176953538,Room 1011,Male
Ansell Moorhead,amoorheadci@spiegel.de,2005295570,Room 1113,Male
Katalin Hance,khancecj@washington.edu,1314217449,PO Box 5579,Female
Nolly Jordanson,njordansonck@youku.com,3455881452,Apt 670,Male
Parnell Kenyam,pkenyamcl@yale.edu,8624034933,Apt 666,Male
Binnie Creese,bcreesecm@google.com.br,9881829242,Suite 26,Female
Guinna Murrhaupt,gmurrhauptcn@elpais.com,8764653369,PO Box 9684,Female
Vivien Pickaver,vpickaverco@auda.org.au,5789589623,PO Box 46398,Female
Anna-diana Saunder,asaundercp@comsenz.com,1833826530,Suite 29,Female
Bondie Fuster,bfustercq@twitter.com,3356039220,PO Box 32706,Male
Giana Spender,gspendercr@wufoo.com,6446427515,Apt 1307,Female
Sabra Rowles,srowlescs@unicef.org,8854689991,Suite 4,Female
Dinny Valentetti,dvalentettict@youtu.be,8834820714,Room 1466,Female
Fabiano Hoggan,fhoggancu@wikimedia.org,6236103865,Suite 41,Male
Amalle Janway,ajanwaycv@pbs.org,6085885692,Apt 820,Female
Vicki Hubane,vhubanecw@auda.org.au,4535229271,Suite 1,Female
Noel Overy,noverycx@youtu.be,4653018947,19th Floor,Male
Fallon Sentinella,fsentinellacy@whitehouse.gov,7957276973,PO Box 9624,Female
Dennie Jewise,djewisecz@wired.com,3426594837,Suite 13,Female
Dorena Jachimak,djachimakd0@ustream.tv,5952544895,16th Floor,Female
Madge Estick,mestickd1@g.co,3332586855,Room 651,Female
Artair Rowbury,arowburyd2@amazon.co.jp,9583926924,18th Floor,Male
Nikolos Heams,nheamsd3@people.com.cn,8146671417,18th Floor,Polygender
Stewart Sabie,ssabied4@facebook.com,8501732788,12th Floor,Male
Englebert Dumbrall,edumbralld5@homestead.com,3506975028,PO Box 56476,Genderfluid
Hope Fryers,hfryersd6@stanford.edu,6984038289,17th Floor,Female
Allys Broz,abrozd7@salon.com,8406871024,Room 1261,Female
Antonius Garrison,agarrisond8@yandex.ru,9405315224,Room 620,Non-binary
Phillip Rodear,prodeard9@aol.com,7805215537,Room 165,Male
Bill By,bbyda@bravesites.com,5893200353,Apt 1409,Female
Heddi Pikett,hpikettdb@deviantart.com,9831587468,Suite 35,Female
Alwin Chatband,achatbanddc@phpbb.com,5942522624,5th Floor,Male
Savina Fridaye,sfridayedd@barnesandnoble.com,1531308647,Apt 186,Female
Kippy Van Hesteren,kvande@deviantart.com,5931191256,PO Box 95911,Male
Clemmie Tripe,ctripedf@issuu.com,3745326835,PO Box 88454,Female
Skip Travers,straversdg@wikimedia.org,4228899643,19th Floor,Male
Kristin Frantzen,kfrantzendh@cbsnews.com,1088448193,PO Box 27388,Female
Leonardo Terbrugge,lterbruggedi@icq.com,3802410211,2nd Floor,Male
Trudey Strowger,tstrowgerdj@webnode.com,4014063851,Apt 233,Female
Meredithe Wrotchford,mwrotchforddk@canalblog.com,5985181645,PO Box 73409,Female
Llywellyn Beadle,lbeadledl@sphinn.com,6499978820,PO Box 73854,Male
Crissie Potes,cpotesdm@ameblo.jp,9369273026,17th Floor,Female
Corry Jennery,cjennerydn@netvibes.com,5842413995,Apt 209,Female
Ferdie Hanes,fhanesdo@nih.gov,1517003190,16th Floor,Male
Orrin Fitton,ofittondp@dion.ne.jp,8771862405,Room 272,Male
Briana Queste,bquestedq@ehow.com,6817417419,Room 1714,Female
Ileane Strowan,istrowandr@reuters.com,6286672608,Apt 315,Female
Eadie Gyrgorcewicx,egyrgorcewicxds@google.co.uk,8198606631,PO Box 99169,Female
Joyan Cotsford,jcotsforddt@slashdot.org,1146384492,Apt 1359,Female
Gerald O'Shirine,goshirinedu@desdev.cn,3011552821,PO Box 7218,Male
Gage Pemberton,gpembertondv@mashable.com,3454655299,11th Floor,Male
Aubine Hussell,ahusselldw@shinystat.com,1084844432,Room 981,Bigender
Kirby Comino,kcominodx@amazon.co.jp,2483787562,Apt 1411,Female
Nelie Sarfas,nsarfasdy@histats.com,5963973653,12th Floor,Female
Cathee Waplinton,cwaplintondz@umich.edu,9336564785,16th Floor,Female
Elbertine Faley,efaleye0@cargocollective.com,5981661711,15th Floor,Female
Talia Meneux,tmeneuxe1@eepurl.com,3768346932,15th Floor,Female
Harman Charkham,hcharkhame2@springer.com,6739087077,17th Floor,Male
Britni Reschke,breschkee3@instagram.com,7792786505,Room 1410,Female
Berry Halesworth,bhalesworthe4@arstechnica.com,1818003342,PO Box 55875,Female
Erv Angric,eangrice5@eepurl.com,3706353102,Apt 1862,Male
Ellene McKiernan,emckiernane6@github.com,2586272489,Room 945,Female
Dewey Gregorio,dgregorioe7@gravatar.com,1419851692,Apt 612,Male
Kaleena Gravy,kgravye8@nydailynews.com,7438682215,Room 1299,Female
Ford Chipp,fchippe9@trellian.com,3798284030,Apt 868,Male
Gare Coule,gcouleea@tinyurl.com,5717535180,PO Box 68961,Polygender
Alwin Itzcovich,aitzcovicheb@jimdo.com,9172681514,13th Floor,Male
Belva Fearne,bfearneec@chronoengine.com,6159992481,Room 1883,Female
Donnajean Killick,dkillicked@mapy.cz,3383885213,PO Box 88402,Female
Roddie Hutcheson,rhutchesonee@globo.com,8649301469,4th Floor,Male
Aprilette Djurevic,adjurevicef@sciencedaily.com,6307367635,10th Floor,Female
Maximilian Chatres,mchatreseg@home.pl,2362103300,Suite 43,Male
Lutero Josefs,ljosefseh@opera.com,8555623827,PO Box 54249,Male
Domeniga Rapper,drapperei@seesaa.net,7246061959,Apt 857,Female
Kendricks Clibbery,kclibberyej@mediafire.com,2997709800,Suite 45,Male
Johnette Ashbolt,jashboltek@1und1.de,4771172107,Suite 3,Female
Darius Marmion,dmarmionel@answers.com,6061867842,11th Floor,Male
Artemis Caveill,acaveillem@vistaprint.com,4161244483,6th Floor,Male
Flora Saull,fsaullen@twitpic.com,1067487078,PO Box 64552,Female
Bessie Behrens,bbehrenseo@wikimedia.org,2142163629,Room 756,Female
Giulio Petriello,gpetrielloep@ihg.com,9181241985,Apt 396,Non-binary
Gerrie Jentges,gjentgeseq@omniture.com,7449646622,Room 601,Genderfluid
Eba Hogbourne,ehogbourneer@msn.com,1654232631,19th Floor,Female
Earle Schwandner,eschwandneres@networksolutions.com,9174595326,PO Box 64007,Male
Orran Ponceford,oponcefordet@tamu.edu,9715330802,Room 409,Male
Irene Lassells,ilassellseu@dion.ne.jp,4379530931,Apt 1241,Female
Russell Chiddy,rchiddyev@wunderground.com,2796512128,PO Box 77800,Male
Junette Coggings,jcoggingsew@usnews.com,6697865080,Room 593,Female
Rowney Girvin,rgirvinex@springer.com,6451642291,Apt 400,Male
Federico Brisco,fbriscoey@symantec.com,9704594986,Apt 814,Male
Saundra Menel,smenelez@archive.org,7067149186,PO Box 2236,Female
Letta Ketch,lketchf0@bluehost.com,3774396333,Room 1827,Female
Ara Klausen,aklausenf1@blogspot.com,7818481493,PO Box 14743,Male
Ham Hobbert,hhobbertf2@comsenz.com,5968088810,Apt 1452,Male
Sigismond Chaudrelle,schaudrellef3@time.com,5539472268,Suite 10,Male
Gregoire Dyott,gdyottf4@usatoday.com,1894071887,Room 1356,Male
Salem Bolduc,sbolducf5@geocities.com,7413735920,Apt 362,Male
Den Leeburne,dleeburnef6@edublogs.org,9541709689,Suite 31,Male
Rosanna Flemyng,rflemyngf7@house.gov,5382324825,Apt 951,Genderfluid
Ali Titchener,atitchenerf8@spiegel.de,4781108278,4th Floor,Female
Edythe Radborn,eradbornf9@i2i.jp,2141289493,Apt 1086,Female
Erina Brimming,ebrimmingfa@dmoz.org,2989857278,Room 705,Female
Fanechka Whitten,fwhittenfb@ca.gov,7688786232,Suite 11,Genderqueer
Krispin D'Emanuele,kdemanuelefc@ezinearticles.com,6885164753,Room 257,Male
Denys Finlay,dfinlayfd@hatena.ne.jp,1873275864,8th Floor,Male
Andre Welband,awelbandfe@google.es,6789182626,Room 1027,Male
Rosaline Wassell,rwassellff@amazon.co.jp,6224307171,PO Box 65118,Female
Thane Senechault,tsenechaultfg@marriott.com,9037936363,Suite 63,Male
Mina Perllman,mperllmanfh@bandcamp.com,4973122261,Room 1382,Female
Lorianne Klimkov,lklimkovfi@hc360.com,7363676291,Room 1331,Female
Charles Fullilove,cfullilovefj@java.com,9693888858,Apt 213,Male
Bryan Pinchon,bpinchonfk@google.es,1931826537,Room 1692,Male
Anneliese Linnitt,alinnittfl@google.co.uk,6065411934,Apt 1902,Female
Crissy Greenway,cgreenwayfm@baidu.com,4982887101,Room 303,Female
Cello Rickeard,crickeardfn@mapquest.com,6721059289,Room 1659,Male
Ariadne Redsall,aredsallfo@usda.gov,4278356412,Suite 20,Female
Mill Davids,mdavidsfp@51.la,4978732476,PO Box 75407,Male
Donnie Blackett,dblackettfq@globo.com,9832282677,15th Floor,Agender
Maryjo Harvard,mharvardfr@yellowpages.com,3175192122,Room 1945,Female
Ikey Grebert,igrebertfs@youtu.be,9228059545,Room 82,Male
Dukey Everitt,deverittft@wisc.edu,5682823748,Room 551,Male
Dorrie Wolver,dwolverfu@storify.com,5227760794,Apt 969,Genderqueer
Ryun Dobbson,rdobbsonfv@cdc.gov,7098319368,PO Box 49298,Polygender
Nanette Bishop,nbishopfw@uiuc.edu,7851657365,Room 755,Polygender
Emmye Kroin,ekroinfx@flickr.com,3771825968,18th Floor,Female
Kayley Cracoe,kcracoefy@ezinearticles.com,3959567463,Room 1253,Female
Gardie Libbie,glibbiefz@rakuten.co.jp,1969689937,PO Box 99811,Male
Rona Ducarne,rducarneg0@upenn.edu,2294136606,20th Floor,Female
Antone Sear,asearg1@ihg.com,5476282757,Apt 197,Male
Wilow Gotter,wgotterg2@nbcnews.com,6951100280,13th Floor,Female
Harley Stollard,hstollardg3@nih.gov,8394745001,Suite 100,Male
Leah Saterweyte,lsaterweyteg4@yolasite.com,2531062724,PO Box 93979,Female
Justine Timothy,jtimothyg5@51.la,3378961674,Suite 13,Female
Tilly Rabbet,trabbetg6@adobe.com,6446957234,PO Box 58175,Female
Marlin Stormes,mstormesg7@myspace.com,6786290364,Apt 1588,Male
Donnie Prahl,dprahlg8@theglobeandmail.com,9352138994,Room 911,Female
Lawton Ackenhead,lackenheadg9@toplist.cz,7286612026,16th Floor,Male
Saunderson Carlino,scarlinoga@chronoengine.com,2567696032,Suite 14,Male
Nealson Kingscott,nkingscottgb@studiopress.com,6527211966,Suite 12,Male
Mose Hanscomb,mhanscombgc@woothemes.com,8185964314,Apt 63,Male
Derek Abramchik,dabramchikgd@networkadvertising.org,6727791710,9th Floor,Male
Ursuline Fitt,ufittge@yahoo.co.jp,1505605171,5th Floor,Female
Timmi Merrington,tmerringtongf@addthis.com,3834688388,Apt 1250,Female
Alastair Theis,atheisgg@creativecommons.org,5002304156,Room 1487,Male
Hephzibah Leadbitter,hleadbittergh@posterous.com,3863653881,Room 917,Female
Celestia Stife,cstifegi@goo.gl,2034945764,17th Floor,Female
Ransom Elstob,relstobgj@yandex.ru,1765956768,13th Floor,Male
Atlante Hoy,ahoygk@linkedin.com,4196712101,PO Box 68215,Female
Juana Bean,jbeangl@miitbeian.gov.cn,9753999914,4th Floor,Female
Mabel Mecozzi,mmecozzigm@usnews.com,4837861153,Apt 1964,Female
Saudra Martignoni,smartignonign@hugedomains.com,1301232493,Apt 1430,Female
Albertina Mulqueeny,amulqueenygo@businessinsider.com,9753384376,PO Box 17238,Female
Jefferson Falkinder,jfalkindergp@yandex.ru,1051470236,6th Floor,Male
Hayden Matuska,hmatuskagq@squidoo.com,4402600839,Suite 85,Male
Grayce Goff,ggoffgr@yelp.com,4426230418,Suite 21,Female
Faun Biddle,fbiddlegs@biblegateway.com,1602039194,Room 907,Female
Dominique Steere,dsteeregt@gizmodo.com,9221087121,Suite 13,Male
Hasheem Purviss,hpurvissgu@statcounter.com,3237752945,Apt 1885,Male
Gabriello Mowen,gmowengv@sphinn.com,2193430595,PO Box 89007,Male
Catlee Moutray Read,cmoutraygw@barnesandnoble.com,9733840073,PO Box 50781,Female
Jannelle Durrad,jdurradgx@goo.ne.jp,9896994464,Apt 1494,Genderqueer
Tudor Luquet,tluquetgy@indiatimes.com,5795944171,Apt 197,Male
Emilia Laddle,eladdlegz@fotki.com,3749681881,Room 23,Female
Ettie Hennemann,ehennemannh0@parallels.com,7542559687,Apt 288,Female
Vale Achromov,vachromovh1@oakley.com,4507758758,Room 633,Male
Norbie Bernadon,nbernadonh2@accuweather.com,7588536099,Suite 89,Male
Chanda Walas,cwalash3@rambler.ru,5321330789,PO Box 28997,Female
Linc Londors,llondorsh4@smh.com.au,1074780753,Suite 67,Male
Cly Mager,cmagerh5@tiny.cc,3483015733,12th Floor,Male
Sheryl MacEvilly,smacevillyh6@csmonitor.com,7774935570,Apt 1091,Female
Murdoch Byatt,mbyatth7@springer.com,8703523748,PO Box 76560,Male
Dana McClinton,dmcclintonh8@woothemes.com,2354946227,Room 1972,Female
Katherine Withnall,kwithnallh9@oakley.com,8512818840,Room 1869,Non-binary
Loralie Fenby,lfenbyha@examiner.com,5179343742,Room 174,Female
Ario Harse,aharsehb@bandcamp.com,8227461902,Room 1958,Male
Kimble Hanby,khanbyhc@php.net,9506958505,8th Floor,Male
Bartholomeo Rawlingson,brawlingsonhd@nbcnews.com,3994411712,17th Floor,Polygender
Tod Charman,tcharmanhe@163.com,9654715595,Suite 45,Male
Malva Tousy,mtousyhf@microsoft.com,4957498846,Room 1010,Female
Thomasine Tweddle,ttweddlehg@berkeley.edu,8313537239,Suite 23,Female
Kamillah Shone,kshonehh@dailymail.co.uk,6838616727,Apt 830,Female
Randy Gallandre,rgallandrehi@google.es,6182536234,20th Floor,Female
Arlyne Gaskin,agaskinhj@theguardian.com,3837392202,Apt 1192,Female
Lamond Espadero,lespaderohk@reference.com,9982852081,PO Box 52836,Male
Irv McKibbin,imckibbinhl@xinhuanet.com,8765993741,PO Box 33532,Male
Townsend Jesty,tjestyhm@pbs.org,4216396028,6th Floor,Male
Tara Hehl,thehlhn@facebook.com,3356021225,PO Box 17241,Female
Reinold Karus,rkarusho@patch.com,3054201160,PO Box 99312,Male
Janella Livingstone,jlivingstonehp@unblog.fr,1329721205,PO Box 61661,Female
Alaric Latey,alateyhq@netvibes.com,6294761729,Suite 60,Male
Arline Perago,aperagohr@163.com,5271153515,3rd Floor,Genderfluid
Solly Girardet,sgirardeths@icq.com,9225900827,PO Box 43899,Male
Fawne Yesinin,fyesininht@answers.com,8822128581,13th Floor,Female
Vanessa Capey,vcapeyhu@amazon.com,6208780369,Apt 976,Non-binary
Rana Thick,rthickhv@businesswire.com,1416402790,Suite 66,Female
Wolfy Vasser,wvasserhw@arizona.edu,5547906180,PO Box 57217,Agender
Nessie Easterling,neasterlinghx@telegraph.co.uk,5798205726,1st Floor,Bigender
Flo Falco,ffalcohy@gmpg.org,3079451459,PO Box 35826,Female
Hadria Hodgin,hhodginhz@tripod.com,1122512818,PO Box 8449,Female
Nancey Briance,nbriancei0@feedburner.com,7056081961,Room 999,Female
Nadiya Farleigh,nfarleighi1@google.fr,9144695721,Room 1732,Female
Michal Owen,moweni2@apache.org,8653444800,Room 1634,Male
Care Raff,craffi3@usatoday.com,1309672619,17th Floor,Genderqueer
Nichol Staff,nstaffi4@uiuc.edu,7064485221,14th Floor,Female
Gabbey Brayn,gbrayni5@symantec.com,8973957258,PO Box 50303,Female
Elyssa Nutbeam,enutbeami6@vk.com,9239067074,Apt 1496,Female
Ferne Tabert,ftaberti7@qq.com,9777612392,13th Floor,Female
Brigit Alloway,ballowayi8@cargocollective.com,3784108613,Apt 1645,Female
Itch de Courcey,idei9@hubpages.com,4821940606,Apt 986,Male
Hodge Haycroft,hhaycroftia@epa.gov,6717302758,12th Floor,Male
Alley Oxbrough,aoxbroughib@myspace.com,3587569188,Suite 82,Male
Jennie Stronge,jstrongeic@shinystat.com,9526449477,3rd Floor,Female
Phillipp Lovart,plovartid@huffingtonpost.com,3321928183,Suite 98,Male
Hetti Benson,hbensonie@networksolutions.com,4048994185,Room 259,Female
Cassaundra Hedgeman,chedgemanif@telegraph.co.uk,3781937333,Room 1083,Agender
Lukas Murrigan,lmurriganig@marriott.com,7808212038,Suite 50,Bigender
Eimile Belcham,ebelchamih@china.com.cn,3867218377,Suite 56,Female
Malissia Whyard,mwhyardii@home.pl,5113539052,Suite 7,Female
Lexi MacKissack,lmackissackij@tmall.com,1397801960,Apt 1437,Female
Smith Scrimshire,sscrimshireik@taobao.com,4008558457,Room 1037,Male
Zondra Markie,zmarkieil@ovh.net,8791054113,Suite 33,Female
Kat Dearlove,kdearloveim@tinypic.com,5827829511,Apt 948,Female
Randee Proger,rprogerin@bloomberg.com,5462400162,Suite 65,Female
Chilton Cescot,ccescotio@cnn.com,5355582355,Apt 467,Male
Joby Spyvye,jspyvyeip@geocities.com,5452074354,Suite 43,Female
Janeczka Sommerling,jsommerlingiq@wikimedia.org,8535207945,Suite 40,Female
Elsie Gozney,egozneyir@techcrunch.com,1346857263,Apt 1444,Female
Max Placidi,mplacidiis@google.co.uk,7728309270,Room 1286,Male
Rudiger Simons,rsimonsit@fotki.com,9388567664,Apt 1311,Male
Iris Edgson,iedgsoniu@free.fr,9939849627,Apt 134,Female
Madalyn Exon,mexoniv@samsung.com,6843098651,Apt 1740,Female
Marsha Milton,mmiltoniw@goo.ne.jp,2253055447,Apt 1647,Female
Charisse Orsay,corsayix@wunderground.com,8096687833,Room 1918,Female
Arny Kelner,akelneriy@ucoz.ru,6118945437,PO Box 94938,Male
Sheppard Hoyes,shoyesiz@nyu.edu,4204842950,Suite 48,Male
Beatriz Buswell,bbuswellj0@w3.org,7448453844,PO Box 51743,Female
Dorrie Randall,drandallj1@ebay.co.uk,8801683387,14th Floor,Female
Anya Spivie,aspiviej2@printfriendly.com,6297504493,8th Floor,Female
Bernhard Woolens,bwoolensj3@hugedomains.com,2264754018,PO Box 71705,Male
Kylie Hugett,khugettj4@goodreads.com,7405538893,Apt 439,Male
Patrizius Thewys,pthewysj5@ovh.net,7802506022,Room 1703,Male
Barnie Farington,bfaringtonj6@google.com.hk,6981102405,PO Box 92047,Male
Prudence Claesens,pclaesensj7@rediff.com,4107453403,2nd Floor,Female
Crystie MacMechan,cmacmechanj8@marriott.com,6536664279,Apt 1046,Female
Sarah Veryan,sveryanj9@ehow.com,5105880415,11th Floor,Female
Anstice Preshous,apreshousja@ow.ly,2568804728,Suite 65,Female
Cindy Ollin,collinjb@cisco.com,2948625447,PO Box 4682,Female
Cesare Shale,cshalejc@diigo.com,8018619017,19th Floor,Male
Janith Andryszczak,jandryszczakjd@pagesperso-orange.fr,1634169747,PO Box 54262,Female
Leigh Greenset,lgreensetje@oaic.gov.au,2707872342,Suite 30,Male
Darline Mengo,dmengojf@fastcompany.com,4961997505,Suite 71,Female
Sheilakathryn Etock,setockjg@yahoo.com,1266826590,PO Box 77301,Female
Sherlocke O'Hallagan,sohallaganjh@bbc.co.uk,6102206499,Room 966,Male
Osborn Kemble,okembleji@mlb.com,2494646208,Room 1554,Male
Isobel Bullimore,ibullimorejj@whitehouse.gov,9261412972,PO Box 37324,Female
Arin Hagston,ahagstonjk@howstuffworks.com,4593146596,PO Box 28753,Male
Cecily Kesley,ckesleyjl@google.com.au,2271721473,PO Box 4006,Female
Brigg Ege,begejm@nhs.uk,8892498290,Apt 341,Male
Benni Nozzolii,bnozzoliijn@infoseek.co.jp,6145965519,Suite 68,Female
Kirbee Matzel,kmatzeljo@upenn.edu,8843525765,16th Floor,Female
Bryna Poyzer,bpoyzerjp@miitbeian.gov.cn,3786769022,Room 1774,Female
Elijah Marriage,emarriagejq@fastcompany.com,4939315557,Apt 1075,Male
Horatia Lipgens,hlipgensjr@bigcartel.com,9057089338,8th Floor,Female
Paddy Graalman,pgraalmanjs@huffingtonpost.com,2177563310,Room 1615,Male
Sue Dugald,sdugaldjt@dot.gov,6675731034,Apt 241,Female
Scott Floweth,sflowethju@unblog.fr,5378177649,Suite 7,Male
Chloette Govey,cgoveyjv@census.gov,1829381603,Room 1540,Female
Arlene Philippart,aphilippartjw@unicef.org,5302561175,Apt 806,Female
Dre Connerry,dconnerryjx@ihg.com,3044213828,4th Floor,Female
Kendal Blackstone,kblackstonejy@about.com,6024288016,16th Floor,Male
Ignace Souter,isouterjz@cloudflare.com,6679018197,20th Floor,Male
Clint Poor,cpoork0@over-blog.com,1345912265,Apt 1798,Male
Teena Eden,tedenk1@mashable.com,3632660867,PO Box 86926,Female
Chadwick Bugby,cbugbyk2@yale.edu,4036499134,Apt 384,Male
Barret Luberto,blubertok3@blinklist.com,6167202434,Room 711,Male
Donny D' Angelo,ddk4@hugedomains.com,4198202738,Suite 96,Male
Umberto Mannin,umannink5@amazonaws.com,3866018208,Room 219,Male
Maressa Winram,mwinramk6@joomla.org,3132465350,Room 1540,Female
Allin Munn,amunnk7@hugedomains.com,3699059517,Room 712,Male
Renie Bayford,rbayfordk8@t-online.de,1112156882,Room 1998,Female
Prudence Astin,pastink9@scientificamerican.com,6109750394,3rd Floor,Female
Charity Henrie,chenrieka@cisco.com,3943919848,20th Floor,Female
Freddie Jolliff,fjolliffkb@elegantthemes.com,4296802338,Apt 918,Male
Minta O'Hannigan,mohannigankc@livejournal.com,7504726987,7th Floor,Female
Aurel Tunniclisse,atunniclissekd@gnu.org,1537855096,Apt 422,Female
Myrtice Goodfellowe,mgoodfelloweke@t.co,4242408489,PO Box 47071,Female
Georgianne Wither,gwitherkf@e-recht24.de,5529929698,PO Box 17237,Genderqueer
Yankee Dioniso,ydionisokg@de.vu,9387096772,Suite 82,Male
Silvain Probin,sprobinkh@imdb.com,7556670777,Room 613,Agender
Billy Stoade,bstoadeki@squarespace.com,7291786752,Room 1136,Male
Farrell Redolfi,fredolfikj@imgur.com,7085597555,Apt 925,Agender
Angy Greenhaugh,agreenhaughkk@elpais.com,4928586639,Suite 32,Bigender
Genevieve Knappen,gknappenkl@blinklist.com,8328231334,Room 542,Bigender
Noel Stracey,nstraceykm@miibeian.gov.cn,2639788270,Apt 363,Male
Flory Gallelli,fgallellikn@yellowbook.com,7138444255,13th Floor,Male
Malcolm Vickars,mvickarsko@amazon.com,9368163388,PO Box 48622,Male
Rik Ventam,rventamkp@tmall.com,4284140340,Room 870,Male
Devland Reece,dreecekq@howstuffworks.com,2361415643,14th Floor,Male
Carey Bertl,cbertlkr@wsj.com,1883089189,Apt 1263,Male
Catie Daens,cdaensks@histats.com,5364764810,PO Box 96326,Bigender
Chere Diemer,cdiemerkt@bing.com,7772924078,Room 320,Female
Sarette Sprigg,sspriggku@taobao.com,9337511582,3rd Floor,Genderqueer
Eddy Arons,earonskv@nbcnews.com,4072149747,14th Floor,Female
Corby Barber,cbarberkw@blogspot.com,5507137401,Suite 48,Polygender
Clarisse Burgis,cburgiskx@nationalgeographic.com,8353916705,Room 1638,Genderqueer
Matilda Perree,mperreeky@ocn.ne.jp,2924749989,Suite 89,Female
Clerkclaude McMychem,cmcmychemkz@businessweek.com,9142160652,PO Box 83081,Male
Dixie Shyre,dshyrel0@fda.gov,8976397895,Apt 1091,Female
Matty Kelsey,mkelseyl1@time.com,9057940994,Room 1516,Male
Andree Arnaldy,aarnaldyl2@oakley.com,7994310358,Room 177,Female
Nicole Cahalan,ncahalanl3@google.com.au,7098260604,Apt 525,Female
Ortensia Feldmark,ofeldmarkl4@smh.com.au,8937067750,PO Box 1367,Female
Korie Serrier,kserrierl5@indiatimes.com,9478329593,Apt 1647,Female
Olenolin Dunbar,odunbarl6@smh.com.au,3793774418,Room 1012,Male
Alexander Spittle,aspittlel7@gravatar.com,7859654996,PO Box 82959,Male
Wye Oades,woadesl8@networksolutions.com,1764531817,Apt 1556,Male
Esme Smallcomb,esmallcombl9@msn.com,7892598639,Room 771,Male
Dell Biever,dbieverla@yellowbook.com,6452472259,Apt 1488,Female
Zara Franzoli,zfranzolilb@delicious.com,8217820199,Apt 1621,Female
Saloma Makinson,smakinsonlc@theatlantic.com,1946214566,PO Box 40807,Female
Rhianna Grindall,rgrindallld@globo.com,1718256286,Apt 298,Female
Maddie Matula,mmatulale@ezinearticles.com,9481344678,Room 86,Female
Farrah Streatley,fstreatleylf@ning.com,8551535240,9th Floor,Bigender
Mufi Wannop,mwannoplg@amazon.de,4549637565,Suite 17,Polygender
Goldi Hacquard,ghacquardlh@google.es,6509760468,PO Box 23231,Non-binary
Fletcher Pitrelli,fpitrellili@nsw.gov.au,4409234180,6th Floor,Male
Sharla Searson,ssearsonlj@jiathis.com,8117571259,Apt 1291,Female
Massimo Olyfant,molyfantlk@rakuten.co.jp,5732024878,Suite 33,Male
Cary Gradwell,cgradwellll@ask.com,9182760734,Apt 61,Male
Buiron Pontefract,bpontefractlm@google.cn,5158676553,16th Floor,Male
Margo Clayton,mclaytonln@1688.com,5845479486,7th Floor,Female
Rosella Oppy,roppylo@usda.gov,5647603557,PO Box 39772,Female
Winn Gulland,wgullandlp@psu.edu,5025758592,PO Box 27426,Male
Ellwood Boog,ebooglq@google.fr,9971059378,PO Box 20357,Male
Svend Pilkington,spilkingtonlr@feedburner.com,8544259434,14th Floor,Agender
Ebony Filkin,efilkinls@xrea.com,1533675697,Room 273,Female
Ethelred Cartwright,ecartwrightlt@indiatimes.com,4328239059,PO Box 49626,Male
Hans Pentony,hpentonylu@rambler.ru,6993027905,PO Box 98083,Male
Willetta Smalecombe,wsmalecombelv@sina.com.cn,7033719629,Room 1720,Female
Celestina Petyanin,cpetyaninlw@wiley.com,6972328772,Suite 64,Female
Harvey Poxton,hpoxtonlx@cdbaby.com,3563303329,Room 1854,Male
Shae Scragg,sscraggly@ted.com,9233830353,Suite 92,Female
Dion Labrone,dlabronelz@digg.com,8182896209,Room 1211,Male
Norbert Tombleson,ntomblesonm0@gravatar.com,1493670547,Room 1863,Male
Yanaton Giacomozzo,ygiacomozzom1@lulu.com,3863439062,10th Floor,Male
Verene Downer,vdownerm2@umich.edu,7381949706,Apt 1061,Female
Mitchell Styant,mstyantm3@phoca.cz,6494224367,PO Box 1857,Male
Dodie Rofe,drofem4@skyrock.com,1269439536,Apt 65,Female
Egon Gabler,egablerm5@facebook.com,9319961827,Apt 1319,Male
Cassie Bernini,cberninim6@opera.com,5636128865,PO Box 96080,Male
Jennine Hatherleigh,jhatherleighm7@mapquest.com,9787399650,18th Floor,Female
Rycca Puzey,rpuzeym8@nhs.uk,4967894983,12th Floor,Female
Cybil Druhan,cdruhanm9@salon.com,9862191365,Room 344,Female
Dare Rojel,drojelma@reference.com,3372583448,Apt 978,Male
Alleen Kemshell,akemshellmb@myspace.com,9356654100,Room 1652,Female
Jessie Kowal,jkowalmc@amazonaws.com,8483866600,Apt 1659,Male
Heinrik Torvey,htorveymd@amazon.com,8441305784,PO Box 12435,Male
Daveen Schofield,dschofieldme@yelp.com,3659458456,Apt 1033,Female
Barclay Allmond,ballmondmf@pen.io,3863173544,Room 1721,Male
Jere Tatem,jtatemmg@yahoo.co.jp,5999868743,Suite 28,Genderqueer
Elonore Papworth,epapworthmh@illinois.edu,3515494638,Apt 672,Agender
Godfry Kahan,gkahanmi@printfriendly.com,2638242300,Apt 920,Male
Celle Harkess,charkessmj@merriam-webster.com,3465471309,4th Floor,Female
Darlleen Pelfer,dpelfermk@pinterest.com,3928330547,Apt 1686,Female
Barney Bromley,bbromleyml@google.pl,2861831351,Apt 759,Male
Swen Howroyd,showroydmm@exblog.jp,1892269496,PO Box 57623,Male
Philip Mattessen,pmattessenmn@youtu.be,7509413495,PO Box 57280,Male
Lotty Branscomb,lbranscombmo@purevolume.com,7793335821,Apt 1427,Female
Wendeline Pearle,wpearlemp@vinaora.com,6448231927,Apt 1944,Female
Viviene Gellier,vgelliermq@phpbb.com,4056694868,Apt 611,Agender
Rivkah Squirrell,rsquirrellmr@weather.com,7588083182,PO Box 14041,Female
Geralda Flood,gfloodms@opera.com,4117969780,Apt 1623,Female
Brodie Braunton,bbrauntonmt@cnet.com,2907955407,Apt 218,Male
Tammi Chatwood,tchatwoodmu@archive.org,2394635134,Room 1686,Female
Jolyn Boutell,jboutellmv@altervista.org,4895569460,2nd Floor,Female
Frederico Balleine,fballeinemw@posterous.com,1672542345,PO Box 41529,Male
Dean Gatrell,dgatrellmx@discuz.net,7542594305,Room 1980,Non-binary
Win Eakle,weaklemy@arizona.edu,2688535673,Suite 27,Male
Maynord Bangley,mbangleymz@spiegel.de,2745461516,Suite 23,Male
Jesse Druhan,jdruhann0@pbs.org,5175166135,Apt 988,Male
Hinda Russell,hrusselln1@homestead.com,9837171585,PO Box 10809,Female
Umeko Daley,udaleyn2@apache.org,7326386771,Room 1899,Female
Sarge Casone,scasonen3@imdb.com,2632365188,3rd Floor,Male
Rowland Fowle,rfowlen4@cyberchimps.com,1762956622,15th Floor,Male
Mandy Kupis,mkupisn5@spotify.com,1693896957,3rd Floor,Female
Briny Verring,bverringn6@gov.uk,9862651287,Apt 1614,Female
Zondra Flewan,zflewann7@wordpress.com,2977423329,Suite 13,Female
Dulcia Petrenko,dpetrenkon8@elegantthemes.com,8368484522,Apt 431,Female
Etty Chivrall,echivralln9@wisc.edu,1978592107,Room 1784,Female
Merrie Brogioni,mbrogionina@mozilla.org,5561148168,Suite 17,Female
Thaddeus Birchwood,tbirchwoodnb@scribd.com,3505090274,Apt 829,Male
Chrotoem Stamper,cstampernc@parallels.com,1594795549,PO Box 17567,Male
Mel Cavy,mcavynd@rediff.com,4204505108,Suite 75,Male
Modestine Trengove,mtrengovene@mail.ru,3015173366,Apt 678,Female
Kettie McGirr,kmcgirrnf@google.ca,2781067556,Suite 48,Female
Lana Coen,lcoenng@pbs.org,5965476342,11th Floor,Non-binary
Pamella Kielty,pkieltynh@yahoo.com,3142047840,PO Box 41092,Female
Kenny Schoenfisch,kschoenfischni@oracle.com,7661009392,Suite 77,Male
Osbourn Bosma,obosmanj@zdnet.com,3686597941,15th Floor,Male
Lucita Rathke,lrathkenk@nps.gov,9593161787,PO Box 60260,Female
Shay Ilieve,silievenl@census.gov,8421524198,PO Box 96499,Male
Wildon Abdy,wabdynm@tripod.com,2167122301,PO Box 25332,Male
Randi Warby,rwarbynn@un.org,4832085413,Room 376,Female
Cinderella Fellnee,cfellneeno@dailymail.co.uk,5823045901,Room 1741,Female
Urban Aujean,uaujeannp@smugmug.com,7531689852,Suite 61,Male
Germain Lidbetter,glidbetternq@ucsd.edu,5254816154,PO Box 67955,Female
Brittney Ruggs,bruggsnr@lycos.com,9907989443,Apt 424,Female
Zelda Peiser,zpeiserns@over-blog.com,6528550666,3rd Floor,Female
Garvy Januszkiewicz,gjanuszkiewicznt@macromedia.com,4049364837,Apt 1212,Male
Lenard Trevor,ltrevornu@rediff.com,6577674105,Suite 40,Male
Hodge Tanby,htanbynv@ow.ly,3242004891,12th Floor,Male
Shirlene Godthaab,sgodthaabnw@reverbnation.com,9469569411,Suite 10,Female
Athene MacGuiness,amacguinessnx@infoseek.co.jp,3125952737,PO Box 11223,Female
Dotty Sobczak,dsobczakny@4shared.com,9616087213,PO Box 57259,Female
Torry Martinson,tmartinsonnz@umn.edu,6252900889,Room 201,Bigender
Lilllie Pancost,lpancosto0@clickbank.net,4857518807,2nd Floor,Female
Nikki Lafay,nlafayo1@virginia.edu,1485806206,1st Floor,Male
Emmalyn Ginman,eginmano2@economist.com,9484967652,Suite 31,Female
Cy Madden,cmaddeno3@dailymotion.com,7797273484,Room 1775,Male
Ethelbert Sandcraft,esandcrafto4@narod.ru,6999765668,Suite 58,Male
Faulkner Duffin,fduffino5@cloudflare.com,6705915717,Apt 314,Male
Keith Kimmings,kkimmingso6@51.la,6001904644,Apt 788,Male
Elroy Beneix,ebeneixo7@amazon.co.uk,2422070380,9th Floor,Male
Kira Yurchishin,kyurchishino8@craigslist.org,1569386010,PO Box 90725,Female
Carroll Zollner,czollnero9@weibo.com,5934232010,Apt 339,Female
Scotty Giacoppoli,sgiacoppolioa@blogtalkradio.com,2486664838,Room 1209,Male
Gilberta MacSherry,gmacsherryob@bravesites.com,5629389753,Suite 94,Female
Tobin Gaffer,tgafferoc@dyndns.org,1133192463,Apt 113,Male
Kerwinn Edsell,kedsellod@webmd.com,9794504105,15th Floor,Male
Nadean Handy,nhandyoe@nature.com,4144279730,PO Box 15586,Female
Charity Jersh,cjershof@ftc.gov,5789704909,Room 1518,Polygender
Enrique Romaynes,eromaynesog@ft.com,1443850498,Apt 1332,Male
Wesley Tolland,wtollandoh@mac.com,6854323624,Room 1604,Male
Garner Udell,gudelloi@scientificamerican.com,9084817441,PO Box 70678,Male
Cornela Shimmings,cshimmingsoj@vimeo.com,6363272802,PO Box 32720,Female
Kathryn Readett,kreadettok@uiuc.edu,2226473875,Suite 13,Female
Desirae Sisneros,dsisnerosol@amazon.com,4705706544,PO Box 48184,Female
Kimmy Ruffell,kruffellom@yahoo.co.jp,8304852322,Room 1967,Female
Latisha Peplaw,lpeplawon@liveinternet.ru,1171800483,Suite 26,Female
Vin Slack,vslackoo@photobucket.com,7009131958,10th Floor,Male
Dela Persian,dpersianop@howstuffworks.com,1211679121,PO Box 29076,Female
Kacie Boler,kboleroq@360.cn,1152987416,Room 1693,Female
Errol Beaston,ebeastonor@state.gov,2449988505,Room 1227,Male
Grayce Keuneke,gkeunekeos@pinterest.com,3289453842,Apt 218,Female
Burt Gillbe,bgillbeot@yelp.com,9226260102,Apt 887,Genderfluid
Goldi Setterington,gsetteringtonou@elpais.com,3213197363,Suite 11,Female
Artus Glozman,aglozmanov@dailymail.co.uk,9169565654,Room 1853,Male
Waneta Clere,wclereow@bluehost.com,8896980990,18th Floor,Female
Stepha Michelin,smichelinox@quantcast.com,5608740500,Suite 34,Female
Nathaniel Leitch,nleitchoy@msn.com,7533527293,Suite 96,Male
Jermaine Orchard,jorchardoz@hp.com,8143799129,Suite 94,Male
Helaine Torbet,htorbetp0@live.com,6296236832,10th Floor,Female
Kristo Eaves,keavesp1@archive.org,4522262917,8th Floor,Male
Rebekkah Gare,rgarep2@google.cn,5651498194,Suite 51,Female
Tabor Pandey,tpandeyp3@berkeley.edu,5502000259,9th Floor,Male
Rois Werndley,rwerndleyp4@unicef.org,9313963987,Apt 525,Female
Coreen Boni,cbonip5@simplemachines.org,2777375237,PO Box 89662,Female
Jilly Waiton,jwaitonp6@barnesandnoble.com,1007605669,17th Floor,Female
Dulcea MacDougall,dmacdougallp7@mit.edu,5741764996,Apt 1368,Female
Brendan Musselwhite,bmusselwhitep8@github.com,8134716770,Apt 1604,Genderqueer
Demetra Extil,dextilp9@yolasite.com,5073352521,Room 1273,Female
Shelba Trasler,straslerpa@home.pl,2016439080,Apt 1881,Female
Edgar Coopland,ecooplandpb@eventbrite.com,1514738681,PO Box 9885,Male
Renard Label,rlabelpc@amazon.co.jp,8751886852,Apt 582,Male
Elisabetta Desvignes,edesvignespd@google.fr,6099992069,2nd Floor,Female
Viv Borrill,vborrillpe@yahoo.co.jp,5809565915,Apt 1470,Female
Fawnia Hellwing,fhellwingpf@51.la,6072379149,Room 1811,Female
Stephanie Iori,sioripg@amazon.co.jp,9988805575,Apt 186,Female
Carlo Bog,cbogph@webs.com,6663657428,Suite 53,Male
Georgena Pettit,gpettitpi@independent.co.uk,9473890330,Apt 1064,Genderfluid
Jone Raun,jraunpj@sphinn.com,9524102149,7th Floor,Male
Nadiya Lorens,nlorenspk@yahoo.co.jp,5697607957,PO Box 32460,Female
Nerte Mattes,nmattespl@yellowpages.com,5444713545,19th Floor,Female
Gerty Halfhead,ghalfheadpm@ask.com,7791526363,Suite 14,Polygender
Alanson Frail,afrailpn@ucoz.ru,2602366004,2nd Floor,Male
Ramsey Turnbull,rturnbullpo@cornell.edu,7077751559,Suite 63,Male
Sylvan Pinckstone,spinckstonepp@last.fm,1124924561,PO Box 27552,Male
Danielle Sperrett,dsperrettpq@usda.gov,9665089510,Apt 1145,Female
Cam Branwhite,cbranwhitepr@github.io,1371299362,Suite 98,Male
Phaidra McGilroy,pmcgilroyps@bluehost.com,1903414055,PO Box 64459,Agender
Addie Standen,astandenpt@wikia.com,3259299690,Apt 1225,Male
Olivero Shrieve,oshrievepu@amazon.de,6862520068,Suite 33,Male
Adelaide Knight,aknightpv@cam.ac.uk,1755749479,Apt 684,Female
Basia Coward,bcowardpw@twitter.com,8645366323,PO Box 95078,Female
Crichton Pell,cpellpx@youku.com,1202174595,2nd Floor,Male
Almeta Blacksell,ablacksellpy@washington.edu,6927967035,Room 48,Agender
Walt Wallice,wwallicepz@unc.edu,2274157847,4th Floor,Male
Augustine Broader,abroaderq0@time.com,9017780126,Room 769,Female
Janaye Gregorio,jgregorioq1@cbsnews.com,1554035595,PO Box 46340,Female
Glynis Jurczyk,gjurczykq2@unesco.org,1749445376,8th Floor,Female
Elizabeth Chiswell,echiswellq3@yale.edu,5316346170,Apt 996,Female
Reinaldos Wintle,rwintleq4@miitbeian.gov.cn,9726931205,PO Box 52753,Male
Cordelia Bernaert,cbernaertq5@gravatar.com,7993453378,Suite 61,Genderqueer
Zolly Pharrow,zpharrowq6@aol.com,1532898615,Apt 1426,Genderfluid
Bettye Wollaston,bwollastonq7@soup.io,2404748127,Suite 85,Female
Markos Ivetts,mivettsq8@google.com,5572953111,8th Floor,Male
Emmy Bigg,ebiggq9@weather.com,8555312540,10th Floor,Female
Berton Brittoner,bbrittonerqa@constantcontact.com,6438633497,Suite 46,Male
Asher Tremmil,atremmilqb@barnesandnoble.com,4483204010,PO Box 99818,Genderfluid
Charlton Chafer,cchaferqc@free.fr,8959365603,Room 673,Male
Monti Byre,mbyreqd@soup.io,1943489966,Room 1020,Male
Ginni Snipe,gsnipeqe@jalbum.net,9478644415,19th Floor,Female
Blancha Longhurst,blonghurstqf@sun.com,7537296698,PO Box 70091,Female
Breena Ralphs,bralphsqg@prlog.org,6786488598,PO Box 90187,Female
Berna Boole,bbooleqh@timesonline.co.uk,7215971644,PO Box 21623,Genderqueer
Jeana Wilsdon,jwilsdonqi@archive.org,1798346260,12th Floor,Female
Sigismund Somers,ssomersqj@google.cn,1663075060,PO Box 72568,Male
Rivi Renfrew,rrenfrewqk@blog.com,6631577180,PO Box 63287,Female
Niko Westby,nwestbyql@furl.net,2966031398,Apt 1110,Male
Nikolaus Hiner,nhinerqm@nbcnews.com,2504321603,Room 1984,Agender
Sibilla Humbell,shumbellqn@google.pl,8875955680,Room 239,Female
Napoleon Danet,ndanetqo@icio.us,5196572445,Room 99,Genderfluid
Travers Daen,tdaenqp@google.de,3695874181,Apt 354,Male
Anatola Merioth,ameriothqq@kickstarter.com,2534085300,18th Floor,Female
Moritz Murrill,mmurrillqr@cnet.com,6282515477,Apt 1349,Male
Agneta Tippell,atippellqs@51.la,4726331757,Suite 5,Female
Lew Obern,lobernqt@house.gov,5715981937,Apt 554,Male
Sileas Malcolmson,smalcolmsonqu@yelp.com,5119322154,Room 1128,Female
Salvatore Keogh,skeoghqv@hibu.com,3515503486,Apt 959,Male
Orlan Royle,oroyleqw@microsoft.com,5264803948,7th Floor,Male
Ozzie Klehyn,oklehynqx@ucla.edu,2073681873,Apt 1851,Male
Blondell Tootal,btootalqy@domainmarket.com,9344312209,Room 776,Female
Winn Goodanew,wgoodanewqz@ocn.ne.jp,4909210429,Room 1087,Male
Lezley Tunn,ltunnr0@last.fm,3356221115,Suite 32,Male
Kerr Petkov,kpetkovr1@fotki.com,5542946822,Apt 1901,Male
Jacinta Bryson,jbrysonr2@ocn.ne.jp,4579342611,PO Box 98385,Female
Blair Gynni,bgynnir3@phpbb.com,1491237157,Room 1058,Female
Caril Lamminam,clamminamr4@chronoengine.com,3802435828,PO Box 7479,Female
Augy Tregona,atregonar5@harvard.edu,4439949666,Suite 48,Male
Lazar Huggett,lhuggettr6@google.cn,4421671268,1st Floor,Male
Sidonnie Miko,smikor7@devhub.com,8795808444,Apt 849,Female
Val Garner,vgarnerr8@quantcast.com,4581535031,Suite 86,Female
Israel Wetwood,iwetwoodr9@mapquest.com,9108420405,Apt 212,Male
Danyette Gaylord,dgaylordra@is.gd,2771177863,13th Floor,Female
Paolo Allingham,pallinghamrb@si.edu,4622532569,PO Box 21977,Agender
Lorin Casley,lcasleyrc@mlb.com,1722026139,6th Floor,Male
Camilla Danser,cdanserrd@businessweek.com,4338599393,Suite 51,Female
Anabel Trewhitt,atrewhittre@weather.com,8857006189,Apt 1161,Female
Letta Brignall,lbrignallrf@geocities.jp,5891997077,15th Floor,Female
Neely Byrd,nbyrdrg@last.fm,5896903663,Room 1855,Female
Alyss Durnall,adurnallrh@w3.org,7572166864,11th Floor,Genderqueer
Faith Kidston,fkidstonri@google.es,1545740546,PO Box 11857,Female
Thomasa Lear,tlearrj@vinaora.com,1185771299,13th Floor,Female
Adelle Grestie,agrestierk@si.edu,5062837282,17th Floor,Female
Lorrin Ilyukhov,lilyukhovrl@psu.edu,1071214224,Room 1337,Female
Tanhya Spirritt,tspirrittrm@wufoo.com,5175570043,4th Floor,Female
Gannie Endle,gendlern@blogger.com,3309553921,12th Floor,Male
Alleen Johl,ajohlro@histats.com,1691595519,Suite 99,Female
Leora Brine,lbrinerp@nytimes.com,1031698309,Room 1208,Female
Marcelia Furphy,mfurphyrq@miibeian.gov.cn,4416793869,Apt 660,Female
Stearne Tonks,stonksrr@netvibes.com,8648800822,Room 883,Male
